{"cameraMode":{"drawMode":0,"name":"Shaded","section":"Shading Mode"},"sceneLighting":true,"audioPlay":false,"sceneViewState":{"showFog":true,"showMaterialUpdate":false,"showSkybox":true,"showFlares":true,"showImageEffects":true,"showParticleSystems":true},"in2DMode":false,"pivot":{"x":-4.01278829574585,"y":-8.769513130187989,"z":0.8573583960533142},"rotation":{"x":-0.0766436755657196,"y":0.04843592271208763,"z":-0.0037274707574397327,"w":-0.9958744645118713},"size":4.13949728012085,"orthographic":false}