{"cameraMode":{"drawMode":0,"name":"Shaded","section":"Shading Mode"},"sceneLighting":true,"audioPlay":false,"sceneViewState":{"showFog":true,"showMaterialUpdate":false,"showSkybox":true,"showFlares":true,"showImageEffects":true,"showParticleSystems":true},"in2DMode":false,"pivot":{"x":5.112358093261719,"y":0.6928825378417969,"z":15.801725387573243},"rotation":{"x":-0.025806130841374399,"y":0.00809469260275364,"z":-0.00020887410209979862,"w":-0.9996342062950134},"size":47.482086181640628,"orthographic":false}